Filename,Line Count,Total Nucleotides,A,T,C,G,GC Content (%)
part_10.fasta,2,140,49,23,31,37,48.00
part_11.fasta,4,280,113,56,50,61,39.00
part_12.fasta,3,210,76,44,36,54,42.00
part_13.fasta,2,140,50,28,20,42,44.00
part_14.fasta,6,420,145,88,85,102,44.00
part_15.fasta,4,280,120,66,40,54,33.00
part_16.fasta,2,140,48,39,23,30,37.00
part_17.fasta,3,210,83,50,37,40,36.00
part_18.fasta,3,210,74,46,39,51,42.00
part_19.fasta,3,210,93,34,38,45,39.00
part_1.fasta,2,70,23,15,18,14,45.00
part_20.fasta,2,140,63,27,22,28,35.00
part_21.fasta,2,140,48,33,27,32,42.00
part_22.fasta,3,210,83,46,33,48,38.00
part_23.fasta,1,70,34,15,11,10,30.00
part_24.fasta,2,140,57,29,17,37,38.00
part_25.fasta,4,280,103,67,43,67,39.00
part_26.fasta,6,420,164,86,69,101,40.00
part_27.fasta,1,70,33,14,7,16,32.00
part_28.fasta,10,700,244,162,122,172,42.00
part_29.fasta,2,140,46,30,28,36,45.00
part_2.fasta,3,210,63,40,48,59,50.00
part_30.fasta,11,770,273,194,127,176,39.00
part_31.fasta,4,280,102,76,47,55,36.00
part_32.fasta,2,140,51,33,26,30,40.00
part_33.fasta,3,210,99,40,33,38,33.00
part_34.fasta,2,140,49,45,20,26,32.00
part_35.fasta,4,280,112,62,42,64,37.00
part_36.fasta,1,70,29,7,11,23,48.00
part_37.fasta,4,280,69,65,65,81,52.00
part_38.fasta,1,70,21,18,10,21,44.00
part_39.fasta,1,70,35,13,13,9,31.00
part_3.fasta,1,70,19,16,19,16,50.00
part_40.fasta,5,350,107,92,61,90,43.00
part_41.fasta,1,70,17,19,12,22,48.00
part_42.fasta,1,70,20,18,14,18,45.00
part_43.fasta,2,140,48,31,18,43,43.00
part_44.fasta,4,280,88,55,54,83,48.00
part_45.fasta,1,70,23,16,20,11,44.00
part_46.fasta,2,140,44,26,33,37,50.00
part_47.fasta,1,70,17,15,13,25,54.00
part_48.fasta,4,280,53,71,71,85,55.00
part_49.fasta,1,59,16,17,14,12,44.00
part_4.fasta,2,140,21,34,35,50,60.00
part_50.fasta,1,0,0,0,0,0,0
part_5.fasta,4,280,69,60,69,82,53.00
part_6.fasta,2,140,54,23,13,50,45.00
part_7.fasta,1,70,23,16,14,17,44.00
part_8.fasta,4,280,118,48,58,56,40.00
part_9.fasta,1,70,22,15,16,17,47.00
